{"type": "block", "layer": 1, "block": 51, "features": [{"geom": {"pts": [[-43.23617689976223, -10.936076249512057, 7.49232832487218]], "r": 0.18559766506630138}, "mtl": 0}, {"geom": {"pts": [[-37.044911003139525, 29.921993837334853, 9.719776425240916]], "r": 0.18559766506630138}, "mtl": 0}]}